k,gdf,mondrian-0.0,mondrian-0.1,mondrian-0.2,mondrian-0.3,mondrian-0.4,mondrian-0.5,mondrian-1.0
2,0.5513003556234892,0.7022868723431775,0.3788206061342018,0.3706054206748611,0.3726419132683205,0.3709571925276158,0.3835773933937547,0.3835773933937547
3,0.7595101527421326,0.7166762527535373,0.4097287655365359,0.40993283970868,0.4119988907680901,0.4173784671163722,0.4073061350678654,0.4073061350678654
4,0.8448710319717117,0.7282440057797557,0.4398521644861414,0.4244054237870148,0.4257002941107319,0.4248509087373991,0.442196029542863,0.442196029542863
5,0.9185856593926156,0.7321250097546813,0.4545695617786923,0.4573643306486445,0.4563973112712778,0.4615989471705008,0.4424790792565551,0.4424790792565551
10,1.0,0.7544717331067728,0.5074445313608966,0.5150198320143599,0.5104453449868479,0.5121516721687485,0.4932086113121846,0.4932086113121846
20,1.0,0.7849624517246059,0.5622189846538923,0.5706548586112118,0.5636389548436699,0.5636389548436699,0.5385232935781982,0.5385232935781982
50,1.0,0.8315438965940478,0.681980510724985,0.6294800812431346,0.6334132758539651,0.6334132758539651,0.6286554281918489,0.6286554281918489
