k,gdf,mondrian-0.0,mondrian-0.1,mondrian-0.2,mondrian-0.3,mondrian-0.4,mondrian-0.5,mondrian-1.0
2,0.7062422030816653,0.9718816040846028,0.42482369224152255,0.3889301652527961,0.4362883604872037,0.4461855892146607,0.5952852805374373,0.5952852805374373
3,0.9383023446463622,0.9912255213716382,0.6337600104803427,0.6790173273170849,0.7155326179997605,0.7526292873974332,0.7386220396083818,0.7386220396083818
4,0.9749431947425586,0.9953037377427384,0.7686917008133299,0.7472132019899405,0.7803859248300632,0.7828601208496214,0.8870137821557392,0.8870137821557392
5,0.9953974145765591,0.9957606625941272,0.8082269766020241,0.8647041878741766,0.8729987360207281,0.8887459755977337,0.8872806363802059,0.8872806363802059
10,1.0,0.9989537498908044,0.9220824217025564,0.9559450431888225,0.955033881030344,0.9574147167287744,0.9707754864933416,0.9707754864933416
20,1.0,0.9989537498908044,0.9694032381984504,0.9878648077890232,0.982597902450909,0.982597902450909,0.993356084379318,0.993356084379318
50,1.0,1.0,0.9964059979083428,0.9965425183842866,0.9949455188205868,0.9949455188205868,0.9987364999475729,0.9987364999475729
