k,gdf,mondrian-0.0,mondrian-0.1,mondrian-0.2,mondrian-0.3,mondrian-0.4,mondrian-0.5,mondrian-1.0
2,0.6494375883644519,0.5729005777372127,0.5038677975836193,0.5012254989140612,0.4957119051828044,0.4881955367832196,0.4785287231662274,0.4799590365402169
3,0.7947821224107082,0.6651782532260478,0.5608201169658126,0.5529619591549624,0.5434089463915759,0.5306286265864812,0.5152557313197537,0.515743562093909
4,0.8527451467969918,0.7044392463386192,0.5837504836314034,0.5740013140870379,0.5597962121706515,0.5446509538031491,0.5275243278967882,0.5277301928278587
5,0.8834834529322241,0.7290155542259837,0.5974342641609579,0.5858741312645532,0.5685805797377304,0.5522523953492671,0.5338929407092028,0.5338639472347505
10,0.9477382744108392,0.7912661057214281,0.6297982186911345,0.6139936434192305,0.5865775654472972,0.5681328688557683,0.5486909454519884,0.5486286495717351
20,0.9826073904137076,0.8416261617362271,0.6579343330345152,0.6354476266577229,0.6059372638241984,0.5852542988225387,0.5647035601512641,0.5648042590356966
50,0.9986026857129784,0.8892319163417219,0.6923758031092664,0.6647577606831596,0.6410970524203193,0.616225198849907,0.5907078295135206,0.5907992344130749
