k,gdf,mondrian-0.0,mondrian-0.1,mondrian-0.2,mondrian-0.3,mondrian-0.4,mondrian-0.5,mondrian-1.0
2,0.7618516653071463,0.7516389391340653,0.09316844163321164,0.08577331644810322,0.07987101804672543,0.06921853141982999,0.04808855800106096,0.04821458183137721
3,0.8970786135820277,0.7637609465590861,0.12354817943712865,0.11231095544191212,0.10181835375752976,0.08497301988308856,0.05957356898979563,0.05964467790848736
4,0.9557988970158432,0.7838932197919011,0.14596418826532792,0.1309185317670371,0.11547820174006268,0.09565372516363684,0.06812018760028538,0.06816324696149886
5,0.979963461443302,0.7931112155638056,0.16272103554076028,0.1459540297726436,0.12505235554289573,0.10295293186667263,0.07417992554308493,0.07420772596199286
10,0.9997550510658532,0.8293456086557554,0.21555473074786105,0.1920362940828512,0.1550820900987358,0.1273169681627669,0.09796537368784493,0.09796537368784493
20,1.0,0.8583017236122183,0.26729271346278666,0.2295252842121161,0.18544170532488707,0.15979305768482588,0.12969080167411565,0.12968815391420396
50,1.0,0.8981499164577709,0.3305246087020457,0.2866726730265596,0.23723030981682086,0.21937469584885952,0.1817455073623468,0.18159846882615
