k,gdf,mondrian-0.0,mondrian-0.1,mondrian-0.2,mondrian-0.3,mondrian-0.4,mondrian-0.5,mondrian-1.0
2,0.9080686970937903,0.9767425080944712,0.7759833851434801,0.8127415311493538,0.8663651751110254,0.923319064786268,0.9768829042237096,0.9779182517066194
3,0.985709712355644,0.992805493288866,0.9099888827212336,0.9377237538876496,0.9642629339756228,0.987554296199634,0.9979555120392584,0.9979584183954988
4,0.9962773906793828,0.9971579083832192,0.9600672110741709,0.9746249924746268,0.9896066665731698,0.9972171443552442,0.9998033418815944,0.9998033418815944
5,0.9983871773843394,0.9984355284161606,0.9795349087412186,0.9869821553994852,0.9959787427935636,0.9989297868455568,0.99994775948014,0.99994775948014
10,0.9999826743763872,0.9998755610697876,0.9976054957162992,0.9994976166173528,0.9998578793113146,1.0,1.0,1.0
20,1.0,1.0,0.99992581200486,1.0,1.0,1.0,1.0,1.0
50,1.0,1.0,1.0,1.0,1.0,1.0,1.0,1.0
