k,gdf,mondrian-0.0,mondrian-0.1,mondrian-0.2,mondrian-0.3,mondrian-0.4,mondrian-0.5,mondrian-1.0
2,0.8349601812004683,0.8641907236142683,0.4345759133883457,0.4492574237987285,0.4731180965788754,0.496268798103049,0.5124857311123853,0.5130664167689983
3,0.9413941629688358,0.8782832199239761,0.5167685310791812,0.5250173546647809,0.5330406438665763,0.5362636580413612,0.5287645405145269,0.528801548151993
4,0.9760381438476132,0.8905255640875602,0.5530156996697495,0.552771762120832,0.5525424341566162,0.5464354347594406,0.5339617647409398,0.5339832944215466
5,0.9891753194138206,0.8957733719899831,0.5711279721409894,0.5664680925860643,0.5605155491682297,0.5509413593561147,0.5370638425116125,0.5370777427210665
10,0.9998688627211204,0.9146105848627716,0.6065801132320802,0.5957669553501019,0.5774699847050252,0.5636584840813834,0.5489826868439225,0.5489826868439225
20,1.0,0.9291508618061092,0.6336092627338232,0.614762642106058,0.5927208526624436,0.5798965288424129,0.5648454008370578,0.5648440769571019
50,1.0,0.9490749582288854,0.6652623043510228,0.6433363365132798,0.6186151549084105,0.6096873479244298,0.5908727536811734,0.5907992344130749
